{
    "total_sessions": 5,
    "converged_sessions": 5,
    "convergence_rate": 1.0,
    "nash_price": 1.47293,
    "monopoly_price": 1.92498,
    "nash_profit": 0.22292806391717349,
    "monopoly_profit": 0.3374904595082646,
    "avg_steps_mean": 0.0,
    "avg_steps_std": 0.0,
    "avg_price_mean": 1.69380163,
    "avg_price_std": 0.009727462304340042,
    "avg_profit_mean": 0.278723763813125,
    "avg_profit_std": 0.0033728723021414233,
    "delta_mean": 0.4870332852946245,
    "delta_std": 0.029441356256028853,
    "total_elapsed_time": 0.008901834487915039
}