{
    "total_sessions": 2,
    "converged_sessions": 2,
    "convergence_rate": 1.0,
    "nash_price": 1.47293,
    "monopoly_price": 1.92498,
    "nash_profit": 0.22292806391717349,
    "monopoly_profit": 0.3374904595082646,
    "avg_steps_mean": 0.0,
    "avg_steps_std": 0.0,
    "avg_price_mean": 1.7012798285714286,
    "avg_price_std": 0.01162414285714286,
    "avg_profit_mean": 0.28008919339105287,
    "avg_profit_std": 0.003907299267014164,
    "delta_mean": 0.4989519394994607,
    "delta_std": 0.0341062985533275,
    "total_elapsed_time": 0.0005960464477539062
}