{
    "total_sessions": 2,
    "converged_sessions": 2,
    "convergence_rate": 1.0,
    "nash_price": 1.47293,
    "monopoly_price": 1.92498,
    "nash_profit": 0.22292806391717349,
    "monopoly_profit": 0.3374904595082646,
    "avg_steps_mean": 0.0,
    "avg_steps_std": 0.0,
    "avg_price_mean": 1.698470660714286,
    "avg_price_std": 0.0022279607142856594,
    "avg_profit_mean": 0.2807405211674395,
    "avg_profit_std": 0.002299207578122936,
    "delta_mean": 0.5046372935200896,
    "delta_std": 0.020069478874460006,
    "total_elapsed_time": 0.0008459091186523438
}