{
    "total_sessions": 30,
    "converged_sessions": 30,
    "convergence_rate": 1.0,
    "nash_price": 1.47293,
    "monopoly_price": 1.92498,
    "nash_profit": 0.22292806391717349,
    "monopoly_profit": 0.3374904595082646,
    "avg_steps_mean": 1123075.8666666667,
    "avg_steps_std": 224113.3638263953,
    "avg_price_mean": 1.7732138992857143,
    "avg_price_std": 0.044976074665694456,
    "avg_profit_mean": 0.31349999910988446,
    "avg_profit_std": 0.008751119244632318,
    "delta_mean": 0.7905904439707281,
    "delta_std": 0.07638736253270915,
    "total_elapsed_time": 10.418627977371216
}