{
    "total_sessions": 5,
    "converged_sessions": 5,
    "convergence_rate": 1.0,
    "nash_price": 1.47293,
    "monopoly_price": 1.92498,
    "nash_profit": 0.22292806391717349,
    "monopoly_profit": 0.3374904595082646,
    "avg_steps_mean": 0.0,
    "avg_steps_std": 0.0,
    "avg_price_mean": 1.7068981642857142,
    "avg_price_std": 0.017447834556438235,
    "avg_profit_mean": 0.28268941862588615,
    "avg_profit_std": 0.00505748305607865,
    "delta_mean": 0.5216489616891351,
    "delta_std": 0.044146100733877654,
    "total_elapsed_time": 0.009053230285644531
}